Area,Centroid_1,Centroid_2,MajorAxisLength,MinorAxisLength,Orientation
1173,151.416027280477,149.752770673487,86.5799708572166,18.2537143589244,-2.45111370312159
